[{"id":"6283815956151@s.whatsapp.net","name":"Nurulツ","age":"17","time":"02/03 12:06:25","serial":"4bd3695c4f457c0efc7a"},{"id":"6289666262976@s.whatsapp.net","name":"Ojan","age":"18","time":"20/03 12:06:41","serial":"b12702416aadb83b4d2b"},{"id":"6281320269938@s.whatsapp.net","name":"Fajri","age":"15","time":"20/03 12:11:17","serial":"49b1190e72e714bbee80"},{"id":"6285850125211@s.whatsapp.net","name":"yuta","age":"14","time":"20/03 12:21:20","serial":"8ce84b6e38401e948f4e"},{"id":"62895326355938@s.whatsapp.net","name":"shadam","age":"26","time":"20/03 12:22:18","serial":"986d23d0ab243475019a"}]